"lexical_category","uni_lemma","Croatian WG","English WG","English WS","Hebrew WG","Italian WG","Norwegian WG","Russian WG","Russian WS","Spanish WG","Swedish WG","Turkish WG"
"nouns","airplane","avion","airplane","airplane","מטוס","aereo","fly","самолет","самолет","avion","flygplan","uçak"
"nouns","album","","","","","","","","альбом","","",""
"nouns","alligator","","","alligator","","","","","крокодил","","",""
"nouns","ambulance","","","","אמבולנס","","","","","","",""
"nouns","animal","životinja","animal","animal","חיה ","animale","dyr","","звери","animal","djur",""
"nouns","ankle","","","ankle","","","","","","","",""
"nouns","ant","","","ant","","formica","","","","hormiga","",""
"nouns","apple","jabuka","apple","apple","תפוח","mela","eple","яблоко","яблоко","manzana","äpple","elma"
"nouns","applesauce","","","applesauce","","","","","","","",""
"nouns","arm","ruka","arm","arm","","braccio","arm","рука","рука","brazos","arm",""
"nouns","armchair","fotelja","","","כורסה","","","кресло","кресло","","","koltuk"
"nouns","baby's bottle","","","","","biberon","","","","","",""
"nouns","back","","","","","","","","спина","","",""
"nouns","backyard","dvorište","","","","","","","","","",""
"nouns","bag","","","","תיק","","","","","","",""
"nouns","balcony","","","","","","","","балкон","","",""
"nouns","ball","lopta","ball","ball","כדור","palla","ball","мяч","мяч","pelota","boll","top"
"nouns","balloon","balon","balloon","balloon","בלון","","ballong","","шарик","globo","ballong","balon"
"nouns","banana","banana","banana","banana","בננה","banana","banan","банан","банан","platano","banan","muz"
"nouns","barn","","","","רפת","","","","","","",""
"nouns","basement","","","basement","","","","","","","",""
"nouns","basket","","","basket","","","","","корзина","","",""
"nouns","bat","","","bat","","","","","","","",""
"nouns","bathroom","kupaonica","bathroom","bathroom","שירותים","bagno","bad","туалет","туалет","bano","badrum","banyo"
"nouns","bathtub","kada","bathtub","bathtub","אמבטיה","vasca da bagno","badekar","ванна","ванна","tina","badkar",""
"nouns","battery","","","","","","","","","","","pil"
"nouns","beach","plaža","beach","","חול","","","","","playa","stranden",""
"nouns","beads","","beads","beads","חרוזים","","","","бусы","aretes","pärlor","boncuk"
"nouns","beans","","","beans","","","","","фасоль","frijole","",""
"nouns","bear","medo","bear","bear","","orso","bjørn","медведь","медведь","oso","björn","ayı"
"nouns","bed","krevet","bed","bed","מיטה","letto","seng","кровать","кровать","cama","säng","yatak"
"nouns","bedroom","","bedroom","bedroom","חדר שינה","","soverom","","","recamar","sovrum",""
"nouns","bee","pčela","bee","bee","דבורה","","veps","","","abeja","bi","arı"
"nouns","beet","","","","","","","","свекла","","",""
"nouns","bell","zvono","","","","","","","","","","zil"
"nouns","belly button","pupak","belly button","belly button","פופיק","","navle","пупок","пупок","ombligo","navel",""
"nouns","bellybutton","","","","","ombelico","","","","","",""
"nouns","belt","","","belt","","","","","","","",""
"nouns","bench","","","bench","","","","","скамейка","","",""
"nouns","berry","","","","","","","ягода","ягода","","",""
"nouns","bib","","bib","bib","סינור","bavaglino","smekke","нагрудник","","babera","","önlük"
"nouns","bicycle","bicikl","bicycle","bicycle","אופניים","bicicletta","sykkel","велосипед","велосипед","bicicle","cykel","bisiklet"
"nouns","bidet","","","","","bidè","","","","","",""
"nouns","birch","","","","","","","","береза","","",""
"nouns","bird","ptica","bird","bird","ציפור","uccellino","fugl","птичка","птичка","pajaro","fågel","kuş"
"nouns","biscuit","","","","","","","","","","skorpa",""
"nouns","blanket","deka","blanket","blanket","שמיכה","coperta","dyne, teppe","одеяло","одеяло","cobija","filt","battaniye"
"nouns","block","kocka","block","block","קוביה","cubi","klosser","кубики","кубики","","kloss",""
"nouns","blueberry","","","","","","","","черника","","",""
"nouns","boat","","","boat","","barca","","","","","",""
"nouns","book","knjiga","book","book","ספר","libro","bok","книга","книга","libro","bok","kitap"
"nouns","book/story","","","","","favola/storia","","","","","",""
"nouns","boots","čizme","boots","boots","מגפיים","","støvler","ботинки, сапоги","ботинки, валенки, сапоги","botas","kängor, stövel",""
"nouns","bottle","boca","bottle","bottle","בקבוק","bottiglia","flaske","бутылочка","бутылочка","botlmam","flaska","şişe"
"nouns","bowl","zdjelica","bowl","bowl","קערה","","skål","","","","skål",""
"nouns","box","kutija","box","box","קופסה","scatola","eske","коробка","коробка","caja","","kutu"
"nouns","bread","kruh","bread","bread","לחם","pane","brød","хлеб","хлеб","pan","bröd","ekmek"
"nouns","breast","","","","ציצי","seno","","","","chichi","","meme"
"nouns","bridge","","","","","","","","","","","köprü"
"nouns","broom","metla","broom","broom","מטאטא","scopa","kost","веник","веник","escoba","borste",""
"nouns","brush","četka","brush","brush","מברשת","","børste","","кисточка","cepidnt","",""
"nouns","bubbles","","bubbles","bubbles","בועות","","såpebobler","","","","såpbubblor",""
"nouns","bucket","","","bucket","","secchiello","","ведро","ведро","","","kova"
"nouns","bug","buba","bug","bug","ג'וק","","","жук","жук","","skalbagge","böcek"
"nouns","bun","","","","לחמניה","","","булка","булка","","",""
"nouns","bunny","zeko","bunny","bunny","שפן","coniglio","kanin","заяц","заяц","conejo","kanin","tavşan"
"nouns","bus","autobus","bus","bus","אוטובוס","autobus","buss","автобус","автобус","","buss","otobüs"
"nouns","bus station","","","","תחנת אוטובוס","","","","","","",""
"nouns","bush","","","","","","","","куст","","",""
"nouns","butt","guza","","","","","","","","","stjärt","popo"
"nouns","butter","","butter","butter","מרגרינה","","smør","масло","масло","","smör",""
"nouns","butterfly","leptir","butterfly","butterfly","פרפר","farfalla","sommerfugl","бабочка","бабочка","maripos","","kelebek"
"nouns","buttocks","","","","","sederino","","","","","",""
"nouns","buttocks/bottom*","","","buttocks/bottom*","","","","","","","",""
"nouns","button","gumb","button","button","כפתור","bottone","knapp","пуговица","пуговица","boton","knapp",""
"nouns","cabbage","","","","","","","капуста","капуста","","",""
"nouns","cacao","kakao","","","","","","","","","",""
"nouns","cake","kolač","cake","cake","עוגה","torta","kake","","пирог, торт","pastel","","kek, pasta"
"nouns","calf","tele","","","","","","","","","",""
"nouns","camera","","","camera","","","","фотоаппарат","фотоаппарат","","",""
"nouns","can (object)","","","can (object)","","","","","","","",""
"nouns","candle","","","","","","","","","vela","ljus",""
"nouns","candy","bombon","candy","candy","ממתק","caramella","sukkertøy","конфета","конфета","dulce","godis","şeker"
"nouns","cap","","","","","tappo","","","","","",""
"nouns","car","auto","car","car","אוטו","automobile","bil","машина","машина","carro","bil","araba"
"nouns","carpet","","","","שטיח","tappeto","","ковер","ковер","","",""
"nouns","carrots","mrkva","carrots","carrots","גזר","carote","gulrot","морковка","морковка","","morot","havuç"
"nouns","cat","mačka","cat","cat","חתול","gatto","katt","кошка","кошка","gato","katt","kedi"
"nouns","cereal","kašica","cereal","cereal","דייסה","","frokostblanding","каша","каша","cereal","flingor",""
"nouns","chair","stolica","chair","chair","כיסא","sedia","stol","стул","стул","silla","stol","sandalye/iskemle"
"nouns","chalk","","","chalk","","","","","","","",""
"nouns","cheek","obrazi","cheek","cheek","לחי","","kinn","щека","щека","cachete","kind","yanak"
"nouns","cheerios","čokolino","cheerios","cheerios","במבה","","corn flakes","","","","",""
"nouns","cheese","sir","cheese","cheese","גבינה","formaggio","ost","сыр","сыр","queso","ost","peynir"
"nouns","chick","","","","אפרוח","pulcino","","","цыпленок","pollito","",""
"nouns","chicken","","","","","pollo","","","","","",""
"nouns","chicken (animal)","pile","chicken (animal)","chicken (animal)","","","kylling","курочка","курица","","kyckling","tavuk"
"nouns","chicken (food)","piletina","chicken (food)","chicken (food)","עוף","","kylling","","курица","pollo","kyckling",""
"nouns","chilli","","","","","","","","","chile","",""
"nouns","chin","","","chin","","","","","","","haka",""
"nouns","chips","","","","","","","","чипсы","","",""
"nouns","chocolate","čokolada","","chocolate","שוקו","cioccolata","","","шоколад","","","çikolata"
"nouns","church","crkva","church*","","בית כנסת","","","церковь","","iglstmp","kyrkan",""
"nouns","cigarette","","","","","","","","","cigarrs","",""
"nouns","clementine","","","","קלמנטינה","","","","","","",""
"nouns","clock","","clock","clock","שעון","orologio","klokke","","","","klocka","saat"
"nouns","closet","","","closet","","armadio","","","шкаф","ropero","",""
"nouns","cloth","","","","","","","","","trapo","",""
"nouns","clothes","","","","","","","","одежда","","",""
"nouns","cloud","","","cloud","","","","","облако","nube","",""
"nouns","clouds","","","","","nuvole","","","","","",""
"nouns","clown","","","","ליצן","","","","","","",""
"nouns","coat","kaput","coat","coat","מעיל","cappotto","regntøy","куртка","куртка, пальто","","","palto"
"nouns","coffee","čaj","coffee","coffee","קפה","","kaffe","","кофе","cafe","kaffe","çay"
"nouns","coke","","","coke","","","","","","","",""
"nouns","comb","","","","","pettine","","","","","",""
"nouns","comb (object)","češalj","comb","comb","מסרק","","kam","расческа","расческа","peine","kam","tarak"
"nouns","compote","","","","","","","компот","компот","","",""
"nouns","computer","","","","","","","","компьютер","","","bilgisayar"
"nouns","cookie","keks","cookie","cookie","","biscotti","bolle","печенье","печенье, пряник","galleta","kaka","kurabiye"
"nouns","corn","","","corn","","","","","кукуруза","","",""
"nouns","corridor","","","","","","","коридор","коридор","","",""
"nouns","cottage cheese","","","","","","","творог","творог","","",""
"nouns","couch","kauč","couch","couch","","divano","sofa","диван","диван","sofa","soffa",""
"nouns","country","","","","","campagna","","","","","",""
"nouns","cover","","","","","coperchio","","","","","",""
"nouns","cow","krava","cow","cow","פרה","mucca","ku","корова","корова","vaca","ko","inek"
"nouns","cracker","","cracker","cracker","קרקר","cracker","kjeks","","","","kex","bisküvi"
"nouns","cradle","kolijevka","","","","","","","","","",""
"nouns","crayon","","","crayon","","","","","","","","boya"
"nouns","crib","krevetić","crib","crib","לול","culla","","","","cuna","","beşik"
"nouns","crocodile","","","","","coccodrillo","","","","","",""
"nouns","crow","","","","","","","ворона","ворона","","",""
"nouns","cucumber","","","","מלפפון","","","огурец","огурец","","",""
"nouns","cup","šalica","cup","cup","כוס","tazza","kopp","кружка, чашка","кружка, чашка","taza","kopp",""
"nouns","cupboard","","","","","","","","","","","dolap"
"nouns","curtain","","","","וילון","","","","","","",""
"nouns","cutlet","","","","","","","","котлета","","",""
"nouns","deer","lane","deer","deer","אייל","","reinsdyr","","","venado","",""
"nouns","diaper","pelena","diaper","diaper","טיטול","pannolino","bleie","памперс","","panal","blöja","bez (çocuk bezi)"
"nouns","dish","","dish","dish","","piatto","","","посуда","","fat",""
"nouns","dog","pas","dog","dog","כלב","cane","hund","собака","собака","perro","hund","köpek"
"nouns","doll","lutka","doll","doll","בובה","bambola","dukke","кукла","кукла","muneca","docka","bebek"
"nouns","donkey","magarac","donkey","donkey","חמור","asino","","","ослик","burro","åsna","eşek"
"nouns","donut","","","donut","","","","","","","",""
"nouns","door","vrata","door","door","דלת","porta","dør","дверь","дверь","puerta","dörr","kapı"
"nouns","drawer","ladica","drawer","drawer","מגירה","cassetto","skuff","","","cajon","låda, låda","çekmece"
"nouns","dress","haljina","dress","","שמלה","vestito","kjole","","платье","vestido","","elbise"
"nouns","dress  (object)","","","dress","","","","","","","",""
"nouns","dress (object)","","","","","","","платье","","","",""
"nouns","drink (beverage)","","drink (beverage)","drink (beverage)","","","drikke","","","","",""
"nouns","drum","","","","","","","","","tambor","",""
"nouns","dryer","","","dryer","","","","","","","",""
"nouns","duck","patka","duck","duck","ברווז","papera","and","утка","утка","pato","anka","ördek"
"nouns","dust","","","","","","","","","","","toz"
"nouns","dustpan","","","","","","","совок (для мусора)","совок (для мусора)","","",""
"nouns","ear","uho","ear","ear","אוזן","orecchio","øre","ушки","ушки","orejas","öra","kulak"
"nouns","earth","","","","","terra","","","","","",""
"nouns","egg","jaje","egg","egg","חביתה","uovo","egg","яйцо","яйцо","huevo","ägg","yumurta"
"nouns","elephant","slon","elephant","elephant","פיל ","elefante","elefant","слон","слон","elefant","elefant",""
"nouns","elevator","","","","","ascensore","","лифт","лифт","","",""
"nouns","elk","","","","","","elg","","","","",""
"nouns","eye","oko","eye","eye","עיין","occhio","øye","глазки","глазки","ojos","öga","göz"
"nouns","eyebrows","","","","","","","","брови","","",""
"nouns","eyelashes","","","","","","","","ресницы","","",""
"nouns","face","lice","face","face","פנים","faccia","ansikt","лицо","лицо","cara","ansikte",""
"nouns","faucet","","","","ברז","","","кран","кран","","",""
"nouns","fawn","","","","","cerbiatto","","","","","",""
"nouns","feet","","","","","piede","","","","","",""
"nouns","field","livada","","","","","","","","campo","landet",""
"nouns","finger","palac","finger","finger","אצבעות","dito","finger","палец","палец","dedos","finger","parmak"
"nouns","fir","","","","","","","елка","елка","","",""
"nouns","fire","","","","","","","","","","","ateş"
"nouns","fireplace","","","","","","","","","","öppen spis",""
"nouns","firetruck","","firetruck","firetruck","","","brannbil","","пожарная машина","camibom","brandbil",""
"nouns","firewood","","","","","","","","дрова","","",""
"nouns","fish","","","","","pesciolino","","","","","",""
"nouns","fish (animal)","riba","fish (animal)","fish (animal)","דג","","fisk","рыбка","рыбка","pescado","fisk","balık"
"nouns","fish (food)","riba","fish (food)","fish (food)","דג","","fisk","рыба","рыба","","fisk","balık"
"nouns","flag","","","flag","","","","","","","",""
"nouns","floor","","","","","","","пол","пол","","",""
"nouns","flower","cvijeće","flower","flower","פרח","fiore","blomst","цветы","цветы","flor","blomma","çiçek"
"nouns","flowerpot","","","","עציץ","","","","","","",""
"nouns","fly","","","","זבוב","mosca","flue","муха","муха","mosca","",""
"nouns","food","hrana","food","food","אוכל","","mat","","еда","comida","mat","yemek"
"nouns","foot","","foot","foot","","","fot","","","pies","fot","ayak"
"nouns","forehead","čelo","","","מצח","","","","лоб","","",""
"nouns","fork","vilica","fork","fork","מזלג","forchetta","gaffel","вилка","вилка","tenedor","gaffel","çatal"
"nouns","fox","lisica","","","","","rev","лиса","лиса","","",""
"nouns","french fries","","","french fries","","","","","","","",""
"nouns","frog","žaba","frog","frog","צפרדע","rana","frosk","лягушка","лягушка","rana","groda","kurbağa"
"nouns","frost","","","","","","","мороз","мороз","","",""
"nouns","fruit","","","","","","","","фрукт","","","meyve"
"nouns","furniture","","","","","","","","мебель","","",""
"nouns","game","","","game","","","","","","","",""
"nouns","garage","garaža","garage","garage","חניה","garage","garasje","","","cochera","garage",""
"nouns","garbage","","","garbage","","","","","","","",""
"nouns","garden","vrt","garden","garden","גן","giardino","","","","jardin","trädgård","bahçe"
"nouns","giraffe","","giraffe","giraffe","ג'ירפה","giraffa","sjiraff","жираф","жираф","jirafa","giraff",""
"nouns","glass","čaša","glass","glass","","bicchiere","glass","","стакан","vaso","glas",""
"nouns","glasses","naočale","glasses","glasses","משקפיים","occhiali","briller","","","lentes","glasögon","gözlük, bardak"
"nouns","gloves","","","gloves","","guanti","","","перчатки","","",""
"nouns","glue","","","glue","","","","","клей","","",""
"nouns","goat","koza","","","","capra","","коза","коза","cabra","",""
"nouns","goose","guska","goose","goose","","oca","gås","гусь","гусь","","gås",""
"nouns","grapes","","","grapes","","uva","","","виноград","uvas","",""
"nouns","grass","","","grass","","","","трава","трава","","",""
"nouns","green beans","","","green beans","","","","","","","",""
"nouns","greenhouse","","","","","","","","парник","","",""
"nouns","ground","","","","אדמה","","","","","","","toprak"
"nouns","gum","","","gum","","","","","","","",""
"nouns","hair","kosa","hair","hair","שערות","capelli","hår","волосы","волосы","pelo","hår","saç"
"nouns","ham","","","","","","","","","jamon","",""
"nouns","hamburger","","","hamburger","","","","","","","",""
"nouns","hammer","čekić","hammer","hammer","פטיש","martello","hammer","молоток","молоток","martill","hammare",""
"nouns","hand","","hand","hand","ידיים","mano","hånd","","","manos1","hand","el"
"nouns","handkerchief","","","","","","","платок (носовой)","платок","","",""
"nouns","hat","kapa","hat","hat","כובע","cappello","lue","шапка","шапка","sombrer","mössa","şapka"
"nouns","head","glava","head","head","ראש","testa","hode","голова","голова","cabeza","huvud","baş/kafa"
"nouns","hedgehog","","","","קיפוד ","","","ёж","ёж","","",""
"nouns","helicopter","","","helicopter","","","","","вертолет","","",""
"nouns","hen","koka","","hen","","gallina","","","","gallina","",""
"nouns","high chair","","high chair","high chair","","","barnestol","","","","barnstol",""
"nouns","highchair","","","","","seggiolone","","","","","",""
"nouns","hippopotamus","","","","","ippopotamo","","","бегемот","hippotm","",""
"nouns","home","dom","home","","","","","","","","hemma",""
"nouns","honey","","","","דבש","miele","","","мед","","","bal"
"nouns","horse","konj","horse","horse","סוס","cavallo","hest","лошадь/конь","лошадь","caballo","häst","at"
"nouns","hose","","","hose","","","","","","","",""
"nouns","hot dog","","","","נקניק","","","сосиска","сосиска","salchch","",""
"nouns","house","kuća","house","","בית, מעון","","","дом","","casa","hus",""
"nouns","house/home","","","","","casa","","","","","",""
"nouns","ice","","","ice","","","","","лед","","",""
"nouns","ice cream","sladoled","ice cream","ice cream","ארטיק","","is","","мороженое","helado","glass","dondurma"
"nouns","icecream","","","","","gelato","","","","","",""
"nouns","icicle","","","","","","","","сосулька","","",""
"nouns","iron","","","","","","","","утюг","","",""
"nouns","jacket","jakna","jacket","jacket","","giacca","jakke","","","","jacka","ceket"
"nouns","jam","","","","ריבה","","","","варенье","","","reçel"
"nouns","jar","","","jar","","","","банка","банка","","",""
"nouns","jeans","","jeans","jeans","ג'ינס","","","","","","jeans",""
"nouns","jeep","","","","ג'יפ","","","","","","",""
"nouns","jello","","","jello","","","","","","","",""
"nouns","jelly","","","jelly","","","","","","","",""
"nouns","juice","sok","juice","juice","מיץ","","juice","сок","сок","jugo","juice",""
"nouns","kangaroo","","","","","","","кенгуру","","","",""
"nouns","kefir","","","","","","","кефир","кефир","","",""
"nouns","keys","ključevi","keys","keys","מפתחות","chiave","nøkler","ключи","ключи","llaves","nycklar","anahtar"
"nouns","kid (goat)","jare","","","","","","","","","",""
"nouns","kindergarten","","","","","asilo","","","","","dagis",""
"nouns","kitchen","kuhinja","kitchen","kitchen","מטבח","cucina","kjøkken","кухня","кухня","cocina","kök","mutfak"
"nouns","kitty","","kitty","kitty","","","kattunge","","","","kisse",""
"nouns","kiwi","","","","","","","","киви","","",""
"nouns","knee","koljeno","knee","knee","ברך","","kne","","колено","rodilla","knä","diz"
"nouns","knife","nož","","knife","","coltello","kniv","нож","нож","cuchill","kniv",""
"nouns","ladder","","","ladder","","","","лестница","лестница","","",""
"nouns","ladybug","","","","חיפושית","","","","","","",""
"nouns","lamb","","lamb","lamb","טלה ","agnello","lam","","","borrego","lamm","kuzu"
"nouns","lamp","svjetiljka","lamp","lamp","מנורה","","lampe","лампа","лампа","","lampa","lamba/işık"
"nouns","lawn","","","","","prato","","","","","",""
"nouns","lawn mower","","","lawn mower","","","","","","","",""
"nouns","leaf","","","","","","","","","","","yaprak"
"nouns","leg","noga","leg","leg","רגליים","gambe","bein","нога","нога","piernas","ben","bacak"
"nouns","lemon","","","","","","","","","","","limon"
"nouns","light","svjetlo","light","light","אור","luce","lys","свет","свет","luz","",""
"nouns","lion","lav","lion","lion","אריה","leone","løve","лев","лев","leon","lejon",""
"nouns","lips","","","lips","","","","","губы","","",""
"nouns","living room","dnevna soba","living room","living room","סלון","","stue","","","sala","vardagsrum",""
"nouns","livingroom","","","","","salotto","","","","","",""
"nouns","lollipop","","","lollipop","","","","","чупа-чупс","paleta","",""
"nouns","marker","","","","","","","","фломастер","","",""
"nouns","meat","meso","meat","meat","בשר","carne","kjøtt","мясо","мясо","carne","kött","et"
"nouns","meat balls","","","","","polpette","","","","","",""
"nouns","meatball","","","","קציצה","","","","","","köttbullar","köfte"
"nouns","medicine","lijek","medicine","medicine","תרופה","","medisin","лекарство/таблетка","лекарство","medicin","medicin","ilaç"
"nouns","melon","","","melon","","","","","","","",""
"nouns","milk","mlijeko","milk","milk","חלב","latte","melk","молоко","молоко","leche","mjölk","süt"
"nouns","mirror","","","","","specchio","","зеркало","зеркало","espejo","","ayna"
"nouns","mittens","rukavice","","mittens","","","votter","варежки/рукавицы","варежки/рукавицы","","vantar",""
"nouns","mold","","","","","","","","формочка","","",""
"nouns","money","novci","money","money","כסף","soldi","penger","деньги","деньги","dinero","pengar",""
"nouns","monkey","majmun","monkey","monkey","קוף","scimmia","ape(katt)","обезьяна","обезьяна","mono","apa","maymun"
"nouns","moon","mjesec","moon","moon","ירח","luna","måne","луна","луна","luna","måne","ay/aydede"
"nouns","moose","","","moose","","","","","","","",""
"nouns","mop","","","mop","","","","","швабра","","",""
"nouns","mosquito","","","","","zanzara","","","комар","","",""
"nouns","motorcycle","motor","motorcycle","motorcycle","אופנוע","motocicletta","motorsykkel","","","moto","motorcykel",""
"nouns","mouse","miš","mouse","mouse","עכבר","topo","mus","мышка","мышка","raton","mus",""
"nouns","moustache","","","","","","","","","bigote","",""
"nouns","mouth","usta","mouth","mouth","פה ","bocca","munn","рот","рот","boca","mun","ağız"
"nouns","mud","","","","","","","грязь","грязь","","","çamur"
"nouns","muffin","","","muffin","","","","","","","",""
"nouns","mushrooms","","","","","","","","грибы","","",""
"nouns","music","","","","","musica","","","","","",""
"nouns","nail","","","","","","","гвоздь","гвоздь","","",""
"nouns","nails","nokti","","nail","ציפורניים","","","","ногти","","",""
"nouns","napkin","","","napkin","","","","","","","",""
"nouns","neck","","","","","","","шея","шея","","",""
"nouns","necklace","","necklace","necklace","שרשרת","collana","halskjede","","","collar","halsband","kolye"
"nouns","nightgown","","","","","","","","","","nattlinne",""
"nouns","noodles","juha","noodles","noodles","פתיתים","","pasta","макароны","макароны","sopa","","çorba"
"nouns","nose","nos","nose","nose","אף","naso","nese","нос","нос","nariz","näsa","burun"
"nouns","nuts","","","nuts","","","","","","","",""
"nouns","olive","","","","","","","","","","","zeytin"
"nouns","onion","","","","","","","","лук","","",""
"nouns","orange","","","","","arancia","","","","","",""
"nouns","orange (food)","naranča","orange (food)","orange (food)","תפוז","","appelsin","апельсин","апельсин","naranja","apelsin","portakal"
"nouns","outside","van(i)","outside","","","","ute","","","","ute",""
"nouns","oven","pećnica","oven","oven","תנור","","ovn","","печка","horno","ugn","fırın"
"nouns","overalls","","","","","","","","","","overall",""
"nouns","owie","","owie/boo boo","","","","","","","","",""
"nouns","owie/boo boo","","","owie/boo boo","","","","","","","",""
"nouns","owl","sova","owl","owl","ינשוף","","ugle","сова","сова","buho","uggla",""
"nouns","pacifier","bočica (s dudom)","","","מוצץ","ciuccio","smokk","соска","соска","chupete","","biberon, emzik"
"nouns","paint","","","","","","","","краски","","",""
"nouns","pajamas","pidžama","pajamas","pajamas","פיג'מה","pigiama","pysjamas","","пижама","pijama","pyjamas","pijama"
"nouns","palm","","","","","","","","ладонь","","",""
"nouns","pancake","","","pancake","","","","","блины, оладьи","","pannkaka",""
"nouns","pants","hlače","pants","pants","טריינינג","pantaloni","bukse","штаны","брюки, штаны","pantalo","byxa","pantolon"
"nouns","pap","","","","","pappa","","","","","",""
"nouns","paper","papir","paper","paper","נייר","giornale","papir","бумага","бумага","papel","papper","kağıt"
"nouns","park","park","park","","","","","парк","","parque","",""
"nouns","parrot","","","","תוכי","","","","","","",""
"nouns","party","proslava","party","","מסיבה","","","","","fiesta","kalas",""
"nouns","pasta","","","","","pasta","","","","","",""
"nouns","pastry","","","","","","","","","","","börek"
"nouns","peach","","","","אפרסק","pesca","","","","","","şeftali"
"nouns","peacock","","","","טווס","","","","","","",""
"nouns","peanut","","","","","","","","","","","fıstık"
"nouns","peanut butter","","","peanut butter","","","","","","","",""
"nouns","pear","","","","אגס","pera","","груша","груша","","","armut"
"nouns","peas","grašak","peas","peas","אפונה","piselli","","","горох","","ärtor",""
"nouns","pen","olovka","pen","pen","עט","","(farge)blyant","карандаш/ручка","ручка","lapiz","penna","kalem"
"nouns","pencil","","","pencil","","","","","карандаш","","",""
"nouns","pencil/pen","","","","","matita/penna","","","","","",""
"nouns","penguin","","penguin","penguin","פינגווין","pinguino","pingvin","","","pinguin","pingvin",""
"nouns","penis","","","","","organo genitale masch","tiss","","","","",""
"nouns","penis*","","","penis*","","","","","","","",""
"nouns","penny","","penny","penny","","","","монетка","монетка","","mynt",""
"nouns","pepper","","","","פילפל","","","","","","",""
"nouns","phon","","","","","fon","","","","","",""
"nouns","photos","","","","","","","","","fotos","",""
"nouns","pickle","","","pickle","","","","","","","",""
"nouns","picture","slika","picture","picture","תמונה","","bilde","картинка","фотографии, картинка","cuadro","bild","resim"
"nouns","pig","prase","pig","pig","חזיר","maiale","gris","поросенок/свинка","свинка","puerco","gris",""
"nouns","pigeon","","","","","","","","голубь","","",""
"nouns","piglet","","","","","","","","поросенок","","",""
"nouns","pill","","","","","","","","таблетка","","",""
"nouns","pillow","jastuk","pillow","pillow","כרית","cuscino","pute","подушка","подушка","almohad","kudde","yastık"
"nouns","pine","","","","","","","","сосна","","",""
"nouns","pipe","","","","","","","","","","","pipet/kamış"
"nouns","pita","","","","פיתה","","","","","","",""
"nouns","pizza","","pizza","pizza","פיצה ","","pizza","","","","pizza",""
"nouns","plant","biljka","plant","plant","צמח","pianta","plante","","","planta","",""
"nouns","plate","tanjur","plate","plate","צלחת","","tallerken","тарелка","тарелка","plato","","tabak"
"nouns","play dough","","","play dough","","","","","пластилин","","",""
"nouns","play pen","ogradica (vrtić za igranje)","play pen","play pen","","","lekegrind","","манеж","","lekrum",""
"nouns","playground","","","","","parco giochi","","","","","lekpark",""
"nouns","plum","","","","","","","","слива","","",""
"nouns","pony","","pony","pony","","","","","","","ponny",""
"nouns","pool","bazen","pool","pool","בריכה","","","","","albrpis","bassa","havuz"
"nouns","popcorn","","","popcorn","","","","","","","",""
"nouns","popsicle","","","popsicle","","","","","","","",""
"nouns","porch","","","porch","","terrazza","","","","","","balkon"
"nouns","porridge","","","","","","","","","atole","",""
"nouns","pot","","","","סיר","pentola","","кастрюля","кастрюля","","",""
"nouns","potato","krumpir","","potato","","patate","","картошка","картошка","","","patates"
"nouns","potato chip","","","potato chip","","","","","","","",""
"nouns","potty","tuta","potty","potty","סיר","vasino","potte","горшок","горшок","bacinic","potta","lazımlık/oturak, tuvalet"
"nouns","present","","","present","","","","","","","",""
"nouns","pretzel","","","pretzel","","","","","","","","simit"
"nouns","pudding","","","pudding","","","","","","","","muhallebi"
"nouns","puddle","","","","","","","лужа","лужа","","",""
"nouns","pumpkin","","","pumpkin","","","","","тыква","","",""
"nouns","puppy","","puppy","puppy","גור","","valp","","","","valp",""
"nouns","purse","novčanik","purse","purse","ארנק","","lommebok","","сумка","bolsa","börs","çanta"
"nouns","puzzle","","","puzzle","","","","","мозаика/пазл","","",""
"nouns","quesadilla","","","","","","","","","quesdil","",""
"nouns","radio","radio","radio","radio","רדיו","","radio","радио","радио","radio","radio","radyo"
"nouns","rag","","","","","","","тряпка","тряпка","","",""
"nouns","rain","kiša","rain","rain","גשם","pioggia","regn","дождь","дождь","lluvia","regn","yağmur"
"nouns","raisin","","raisin","raisin","צימוקים","","rosiner","","изюм","","russin",""
"nouns","rake","","","","","","","","грабли","","",""
"nouns","raspberry","","","","","","","","малина","","",""
"nouns","rattle","","","","רעשן","","","","","","",""
"nouns","refrigerator","hladnjak","refrigerator","refrigerator","מקרר","frigorifero","kjøleskap","холодильник","холодильник","refrig","kylskåp","buzdolabı"
"nouns","remote control","","","","","","","","","","","kumanda"
"nouns","rice","","","","אורז","riso","","","рис","arroz","ris","pilav"
"nouns","road","","","","כביש","","","улица","","","","yol"
"nouns","rock","kamen","rock","rock","אבן","montagna","stein","камень","камень","piedra","sten","taş"
"nouns","rocking chair","","rocking chair","rocking chair","נדנדה","","gyngestol","","","","gungstol",""
"nouns","roof","","","roof","","","","","","techo","",""
"nouns","room","","","room","","camera","","комната","комната","cuarto","","oda"
"nouns","rooster","pijetao","","rooster"," תרנגול","gallo","","петух","петух","","",""
"nouns","rope","","","","","","","","","","","ip"
"nouns","salt","","","salt","","","","","соль","","",""
"nouns","sand","","","","","","","песок","песок","","","kum"
"nouns","sandals","","","","סנדלים","","","босоножки","босоножки","","",""
"nouns","sandbox","","","sandbox","","","","","","","",""
"nouns","sandwich","","","sandwich","","","","","","","macka",""
"nouns","sauce","","","sauce","","sugo","","","","","",""
"nouns","sausage","","","","","","","","колбаса","","",""
"nouns","scarf","šal","","scarf","","sciarpa","","шарф","шарф","","",""
"nouns","schnitzel","","","","שניצל","","","","","","",""
"nouns","school","škola","school","","","","","","","escuela","skola",""
"nouns","scissors","škare","scissors","scissors","מספריים","forbici","saks","ножницы","ножницы","tijeras","sax",""
"nouns","sea","","","","ים","mare","","","","","",""
"nouns","semolina","griz","","","","","","","","","",""
"nouns","shampoo","","","","","","","","шампунь","","",""
"nouns","sheep","ovca","sheep","sheep","כבשה","pecora","sau","баран/овечка","баран, овечка","","får",""
"nouns","ship","brod","","","","","","","кораблик","barco","","gemi/vapur"
"nouns","shirt","majica","shirt","shirt","חולצה","","t-skjorte","кофта, рубашка","кофта, майка, рубашка","playera","skjorta","gömlek, tişört"
"nouns","shoe","cipele","shoe","shoe","נעליים","scarpe","sko","туфли","кроссовки, обувь, туфли","zapato","sko","ayakkabı/pabuç"
"nouns","shorts","","shorts","shorts","מכנסיים","","shorts","","шорты","shorts","",""
"nouns","shoulder","","","shoulder","","","","","плечи","","",""
"nouns","shovel","lopata, lopatica","shovel","shovel","את","","spade","лопатка/совок","лопатка","","spade","kürek"
"nouns","shower","","","shower","","doccia","","душ","душ","regader","",""
"nouns","shutter","","","","תריס","","","","","","",""
"nouns","sidewalk","","","sidewalk","","","","","","","",""
"nouns","sink","umivaonik","sink","sink","כיור","lavandino","vask","таз","таз","lavabo","diskbänk",""
"nouns","skirt","suknja","","","חצאית","gonna","","","","falda","",""
"nouns","sky","nebo","sky","sky","שמיים","cielo","himmel","небо","небо","cielo","himmel",""
"nouns","sled","","","sled","","","","","санки","","",""
"nouns","slide","","","","","scivolo","","","","","",""
"nouns","slide (object)","","slide (object)","slide (object)","מגלשה","","sklie","горка","","resbald","rutschbana","kaydırak"
"nouns","slipper","papuče","","slipper","","","","тапки","тапки","","","terlik"
"nouns","snake","","","","נחש","","","змея","змея","","",""
"nouns","sneaker","","","sneaker","","","","","","","",""
"nouns","snow","snijeg","snow","snow","","neve","snø","снег","снег","nieve","snö",""
"nouns","snowman","","","snowman","","","","","снеговик","","",""
"nouns","snowsuit","","","snowsuit","","","","комбинезон","комбинезон","","",""
"nouns","soap","sapun","soap","soap","סבון","sapone","såpe","мыло","мыло","jabon","tvål","sabun"
"nouns","sock","čarape","sock","sock","גרביים","","sokker","носки","носки","calceti","socka","çorap"
"nouns","soda","","","","","","","","","soda","","kola"
"nouns","soda/pop","","","soda/pop","","","","","","","",""
"nouns","sofa","","","sofa","","","","","","","",""
"nouns","song","","","","","","","","песенка","","",""
"nouns","soup","","","soup","","","","суп","суп","","","tarhana"
"nouns","sour cream","","","","","","","","сметана","","",""
"nouns","spade","","","","","paletta","","","совок","","",""
"nouns","spaghetti","tijesto","spaghetti","spaghetti","ספגטי","","spagetti","","","","spagetti","makarna"
"nouns","sparrow","vrabac","","","","","","","воробей","","",""
"nouns","spider","","","","","","","","","arana","",""
"nouns","spinach","špinat","","","","","","","","","",""
"nouns","spinning top","","","","","trottola","","","","","",""
"nouns","spoon","žlica","spoon","spoon","כף, כפית","cucchiaio","skje","ложка","ложка","cuchara","sked","kaşık"
"nouns","sprinkler","","","sprinkler","","","","","","","",""
"nouns","squirrel","vjeverica","squirrel","squirrel","סנאי","","ekorn","белка","белка","ardilla","ekorre",""
"nouns","stairs","stepenice","stairs","stairs","מדרגות","scala","trapp","ступеньки","ступеньки","escaler","trappa","merdiven"
"nouns","stallion","","","","","","","","конь","","",""
"nouns","star","zvijezda","star","star","כוכב","stella","stjerner","звезда","звезда","estrell","stjärna","yıldız"
"nouns","stick","","","stick","","","","палка","палка","","",""
"nouns","stone","","","stone","","sasso","","","","","",""
"nouns","store","trgovina","store","","חנות, סופר","negozio","","магазин","","tienmer","affär",""
"nouns","story","","","story","","","","","сказка","","",""
"nouns","stove","štednjak","stove","stove","","","komfyr","","плита","estufa","",""
"nouns","strawberry","","","strawberry","","","","","","","",""
"nouns","street","","","street","","strada","","","дорога","calle","","sokak"
"nouns","stroller","","stroller","stroller","עגלה","passeggino","barnevogn","коляска","коляска, коляска","carreol","barnvagn",""
"nouns","sugar","","","","","zucchero","","","сахар","","",""
"nouns","sun","sunce","sun","sun","שמש","sole","sol","солнце","солнце","sol","sol","güneş"
"nouns","sweater","vesta/džemper","sweater","sweater","סוודר","maglione","genser","","свитер","sueter","tröja","kazak"
"nouns","swimsuit","","","","בגד ים","","","","","","",""
"nouns","swing","","","","","altalena","","","","","",""
"nouns","swing (object)","ljuljačka","swing (object)","swing (object)","","","huske","качели","","columpi","gunga","salıncak"
"nouns","table","stol","table","table","שולחן","tavolo","bord","стол","стол","mesa","bord","masa"
"nouns","tablecloth","","","","מפה","","","","","","",""
"nouns","tahini","","","","טחינה","","","","","","",""
"nouns","tangerine","","","","","","","","мандарин","","",""
"nouns","tank top","","","","גופיה","","","","","","",""
"nouns","tape","","","tape","","","","","","","",""
"nouns","tea","","","","תה ","","","чай","чай","","",""
"nouns","teapot","","","","","","","чайник","чайник","","",""
"nouns","teddybear","","teddybear","teddybear","דובי","","(leke)bamse","","","osito","nalle",""
"nouns","telephone","telefon","telephone","telephone","טלפון","telefono","telefon","телефон","телефон","telefon","telefon","telefon"
"nouns","thumb","","","","אגודל","","","","","","",""
"nouns","tiger","tigar","tiger","tiger","נמר","tigre","tiger","тигр","тигр","tigre","tiger",""
"nouns","tights","","","tights","","calze","strømpebukse","колготки","колготки","","",""
"nouns","tissue/kleenex","","","tissue/kleenex","","fazzoletto","","","","","",""
"nouns","toast","","toast","toast","טוסט","","","","","","","tost"
"nouns","toe","prst","toe","toe","","","tå","","","","tå",""
"nouns","tomato","","","","עגבניה","","","помидор","помидор","","","domates"
"nouns","tongue","jezik","tongue","tongue","לשון","lingua","tunge","язык","язык","lengua","tunga","dil"
"nouns","tooth","zub","tooth","tooth","שיניים","denti","tenner","зубы","зубы","dientes","tand","diş"
"nouns","toothbrush","četkica (za zube)","toothbrush","toothbrush","מברשת שיניים","spazzolino da denti","tannbørste","","","cepillo","tandborste",""
"nouns","top","","","","סביבון","","","","юла","","",""
"nouns","tortilla","","","","","","","","","tortila","",""
"nouns","towel","ručnik","towel","towel","מגבת","","håndkle","полотенце","полотенце","toalla","handduk",""
"nouns","tower","","","","מגדל","","","","","","",""
"nouns","toy","","","","","giocattolo","","","игрушка","","",""
"nouns","toy (object)","igračka","toy (object)","toy","צעצוע","","leke","игрушка","","juguete","leksak","oyuncak"
"nouns","tracksuit","","","","","tuta","","","","","",""
"nouns","tractor","","","tractor","טרקטור","","","трактор","трактор","","traktor",""
"nouns","train","vlak","train","train","קטר , רכבת","treno","tog","паровоз, поезд","паровоз, поезд","tren","tåg","tren"
"nouns","tram","tramvaj","","","","","","","","","",""
"nouns","trash","smeće","trash","trash","אשפה","","søppel","мусор","мусор","basura","skräp",""
"nouns","tray","","","tray","","","","","","","",""
"nouns","tree","drvo","tree","tree","עץ","albero","tre","дерево","дерево","arbol","träd","ağaç"
"nouns","tricycle","","","tricycle","","","","","","","",""
"nouns","truck","kamion","truck","truck","משאית","camion","lastebil","грузовик","грузовик","camion","lastbil","kamyon"
"nouns","tummy","trbuh","tummy","tummy","בטן","pancia","mage","живот","живот","panza","mage","göbek"
"nouns","tuna","","","tuna","","","","","","","",""
"nouns","turkey","purica","turkey","turkey","תרנגול הודו","","","","","guajolo","",""
"nouns","turtle","","turtle","turtle","צב ","tartaruga","skilpadde","черепаха","черепаха","tortuga","sköldpadda",""
"nouns","tv","televizor","tv","tv","טלויזיה","televisione/tv","tv","телевизор","телевизор","televis","tv","televizyon"
"nouns","umbrella","","","","","ombrello","","","","","",""
"nouns","underpants","","","underpants","","mutande","","","","","",""
"nouns","underwear","gaćice","","","","","","трусы","трусы","calzon","",""
"nouns","vacuum","usisivač","vacuum","vacuum","שואב אבק","","støvsuger","","пылесос","aspirdo","dammsugare","süpürge"
"nouns","vagina","","","","","organo genitale femm","","","","","",""
"nouns","vagina*","","","vagina*","","","","","","","",""
"nouns","vanilla","","","vanilla","","","","","","","",""
"nouns","vest","","","","אפודה","","","","","","","yelek"
"nouns","vitamins","","","vitamins","","","","","витамины","","",""
"nouns","voice recorder","","","","","","","магнитофон","магнитофон","","",""
"nouns","wafer","","","","ופלה","","","","","","",""
"nouns","walker","","","walker","","","","","","","",""
"nouns","wall","","","","","","","","","","","duvar"
"nouns","wallet","","","","","","","","кошелек","","",""
"nouns","wardrobe","ormar","","","","","","","","","",""
"nouns","washing machine","","","washing machine","","","","","стиральная машина","","",""
"nouns","washingmachine","","","","","lavatrice","","","","","",""
"nouns","watch (object)","sat","watch (object)","watch (object)","","","","часы","часы","reloj","",""
"nouns","water","","","","","acqua","","","","","",""
"nouns","water (beverage)","voda","water (beverage)","water (beverage)","מים ","","vann","вода","вода","agua","vatten","su"
"nouns","water (not beverage)","voda","water (not beverage)","water (not beverage)","","","vann","","","","vatten",""
"nouns","watermelon","","","","אבטיח","","","","арбуз","","","karpuz"
"nouns","well","","","","","","","","колодец","","",""
"nouns","wind","","","wind","","vento","","ветер","ветер","","",""
"nouns","window","prozor","window","window","חלון","finestra","vindu","окно","окно","ventana","fönster","pencere"
"nouns","wolf","vuk","","wolf","זאב","lupo","","волк","волк","lobo","",""
"nouns","work (place)","posao","work (place)","","עבודה","","","работа","","","arbetet",""
"nouns","worm","","","","","","(meite)mark","","","","",""
"nouns","yard","","backyard","backyard","גינה, חצר","","","двор","","","gård",""
"nouns","yogurt","jogurt","","yogurt","","yogurt","","йогурт","йогурт","","","yoğurt"
"nouns","yogurt drink","","","","","","","","","","","ayran"
"nouns","zebra","","","zebra","","","","","","","",""
"nouns","zipper","zatvarač","zipper","zipper","רוכסן","","glidelås","","","cierre","blixtlås",""
"nouns","zoo","zoološki (vrt)","zoo","","גן חיות","zoo","","зоопарк","","zoologi","",""
